calder12,
phonzieftbl,
niafallsreview,
landlordwebsol,
yukomama711,
snowflake07,
the_gncc,
610cktb,
mfive_1,
mcleod_assoc,
wsendzik,
idkoren,
twscott,
610cktb,
yaqoobimran,
wipeoutpoverty,
niagarauniv,
610cktb,
mlisam,
brocknco,
team_clickback,
niafallsreview,
musicbooksplus,
robertmcgray,
cdnmusictrade,
profsound,
plpmag,
cdnmusician,
niafallsreview,
610cktb,
niagarauniv,
wdprestia15,
footcareontario,
steve_thom77,
brockuchys,
steve_thom77,
cl_stcatharines,
squaint,
the_gncc,
town_of_notl,
sarahnoellem,
tralncfn,
niafallsreview,
lynnholliday8,
ttdabramo,
max_doolittle,
archeewashere,
bonniedawestie,
610cktb,
lynnholliday8,
squaint,
lewportcsd,
sabrina_c_hill,
kayconnected,
610cktb,
canadianvladto,
johnvanzalen10,
swagboitez,
610cktb,
610cktb,
judyyankees1,
cburton001,
matternbernhard,
wearenotavirus,
calder12,
canadianvladto,
canadianvladto,
cemetrygates89,
cemetrygates89,
eriemedia,
aaronmediarts,
aaronmediarts,
akaviolet1,
spottykips,
cmspeaksout1,
keithatcrnc,
karena_standard,
puckshots,
sharonnorthcut5,
twscott,
jal4_sr,
levick_john,
karimvelji,
karimvelji,
gordhoward,
karimvelji,
karimvelji,
amadeobermudez,
meow173,
kendraniceliu,
trevortymchuk,
cmspeaksout1,
gordhoward,
niafallsreview,
rayspiteri,
aaronbesecker,
aaronbesecker,
spottykips,
benchvigneron,
twscott,
twscott,
twscott,
judyyankees1,
niafallsreview,
gordhoward,
david_kirkness,
david_kirkness,
aaronbesecker,
team_clickback,
cdnmusician,
ourdogprince,
610cktb,
kkayjudas,
thethoroldnews,
thomas3linda,
chico_hawk,
meow173,
bruisedbananab,
niagarau_oma,
cburton001,
brocknco,
nrpublichealth,
thefallentrail,
rustenburg_j,
niafallsreview,
rayspiteri,
cam_of_nu,
jryckman1970,
inhuisinc,
610cktb,
townofpelham,
ddunkley_dlc,
610cktb,
larryjoeduncan,
aaronbesecker,
padgettniagara,
joeycaruso3,
aaronbesecker,
niafallsreview,
sabrina_c_hill,
niafallsreview,
walster,
veaner85,
niafallsreview,
rayspiteri,
townofpelham,
meaghanracine,
facsniagara,
mmatier,
leyrhondarhonda,
610cktb,
joann_jcasal722,
aaronbesecker,
610cktb,
yourtvniagara,
yourtvniagara,
becksls30,
thewineboys,
catharinesguy,
ron_robins,
twscott,
610cktb,
pjtravis1,
borderbob,
niafallsreview,
niagaraparks,
bbbs_sniagara,
niafallsreview,
mynotl,
twscott,
tornhockeyfan,
niagarashuttle,
610cktb,
jonsmitty4,
chuksjaphet,
dcrocock,
kfcacn,
dcrocock,
itsreallymarv,
casoniagara,
twscott,
twscott,
rbcrwnagy,
niagarauniv,
twscott,
philipengs,
dwightstead,
briansmithpld,
footcareontario,
mywelland,
titanium0,
niagarafalls,
610cktb,
kim_overholt,
niafallsreview,
snowflake07,
chico_hawk,
mywelland,
lynnholliday8,
lynnholliday8,
610cktb,
cdaigle123,
610cktb,
610cktb,
niagaraumission,
iangibson11,
610cktb,
bsarchiesr,
matternbernhard,
cdn_supahfly,
l__ip,
610cktb,
oilers_eddie74,
anubisfive,
thomas3linda,
thomas3linda,
eriemedia,
eriemedia,
darndifino,
eriemedia,
spottykips,
spottykips,
taramac_21,
mypelham,
meanmrgene,
patreale7,
calgarjs,
orbitpos,
redplanethd,
meanmrgene,
niagarasays,
rshirton,
jonsmitty4,
ryannolan79,
twscott,
catharinesguy,
inhuisinc,
inhuisinc,
petert36152843,
dentalhygieneq1,
niafallsreview,
niafallsreview,
niafallsreview,
niafallsreview,
niafallsreview,
canadianvladto,
niafallsreview,
niafallsreview,
bsarchiesr,
seanvanderklis,
niagarafalls,
cburton001,
aaronbesecker,
aaronbesecker,
knuttchris,
cortday1,
heartniagara,
nflibrary,
kevink2009,
nicoleatone,
fmcmurran,
diiannip,
aaronbesecker,
brianrcline,
nicoleatone,
niafallsreview,
nick1395893089,
mypelham,
610cktb,
jshalewilliams,
aaronbesecker,
arid4recovery,
arid4recovery,
infinitely_more,
becksls30,
niagaramba,
lakeassociates,
aaronbesecker,
610cktb,
thoroldlibrary,
ourdogprince,
ddunkley_dlc,
niagaragazette,
veaner85,
the_gncc,
niafallsreview,
niafallsreview,
niafallsreview,
yourtvniagara,
mynotl,
mcleod_assoc,
niafallsreview,
610cktb,
crutherford,
emplsolution,
hwyh2o,
syniba,
610cktb,
610cktb,
mywelland,
nrpublichealth,
610cktb,
twscott,
610cktb,
niagarauniv,
twscott,
610cktb,
barkovich1joe,
brocknco,
twscott,
welland,
niafallsreview,
briansmithpld,
callytops,
onthename,
scribblegirl19,
610cktb,
eatingniagara,
mhharvey,
610cktb,
lynnholliday8,
brendasummers53,
brendasummers53,
wnylibrarian,
greenmclovin,
610cktb,
swagboitez,
eriemedia,
eriemedia,
pro_picker,
pro_picker,
meaghanracine,
candersonhill,
johnperkins33,
hopemcgowan116,
niagaraumission,
meanmrgene,
22metatron,
jamesatkinson27,
trevortymchuk,
teasersworld,
canamkim,
aaronbesecker,
cniven2002,
npca_ontario,
niafallsreview,
niafallsreview,
niafallsreview,
niafallsreview,
akaviolet1,
niafallsreview,
niafallsreview,
onthename,
niafallsreview,
niafallsreview,
niafallsreview,
niafallsreview,
lisasnotlovely,
larryjoeduncan,
wellandjackfish,
niafallsreview,
610cktb,
karena_standard,
aaronbesecker,
meow173,
mypelham,
smemrich,
stfphoenix,
feranmiog,
davejefferynf,
niafallsreview,
swagboitez,
d00biejones,
anonymousflaw,
volrecreation,
niafallsreview,
footcareontario,
niagaraparents,
bsarchiesr,
ourdogprince,
niafallsreview,
emplsolution,
lynnholliday8,
padgettniagara,
aaronbesecker,
niafallsreview,
aaronbesecker,
garyvictory5,
aaronbesecker,
byrequestdjs,
610cktb,
footcareontario,
funandclassy71,
twscott,
twscott,
juliarsquirrel,
610cktb,
veaner85,
niafallsreview,
karena_standard,
niafallsreview,
nrpublichealth,
niagaraumission,
yourtvniagara,
niafallsreview,
610cktb,
the_gncc,
the_gncc,
the_gncc,
kf2wg,
niagarauniv,
brockugeotour,
townofpelham,
niafallsreview,
niafallsreview,
briansmithpld,
lynnholliday8,
finemusicman,
niafallsreview,
rancheroo2,
lynnholliday8,
610cktb,
katebezanson1,
mywelland,
mypelham,
mynotl,
the_gncc,
crebette63,
canadianvladto,
matternbernhard,
footcareontario,
dmez21,
610cktb,
610cktb,
rwebb_1968,
sabrina_c_hill,
wilmatelesnick2,
tara_mcdonnell,
rjclassy,
eriemedia,
eriemedia,
chuksjaphet,
terryb600,
rjclassy,
cmspeaksout1,
rjclassy,
davejefferynf,
queen_dee98,
insidethesea93,
garysch37,
firecogone,
chuksjaphet,
jody00243228,
banjosworld,
insidethesea93,
nickbering,
l__ip,
ifamd110,
meow173,
marinosvoula,
gordhoward,
briansmithpld,
rustenburg_j,
ntwrichard,
ntwrichard,
ntwrichard,
ntwrichard,
ntwrichard,
max_doolittle,
rjclassy,
holmes_holmes5,
mayybe_babyy,
aaronbesecker,
niagaragazette,
610cktb,
brockslce,
ourdogprince,
aaronbesecker,
kathrn_childs,
chuksjaphet,
niafallsreview,
akaviolet1,
landlordwebsol,
williammcmanam2,
townoflincolnon,
rjclassy,
niafallsreview,
niafallsreview,
the_gncc,
gncc_win,
canadianvladto,
canadianvladto,
niafallsreview,
niafallsreview,
niafallsreview,
niafallsreview,
niafallsreview,
agwknapper,
akaviolet1,
jakkfrostt,
rjclassy,
ron_robins,
aaronbesecker,
nfallscanada,
rjclassy,
djb_accounting,
ourdogprince,
team_clickback,
emplsolution,
niafallsreview,
investinstc,
niagaragazette,
niafallsreview,
aaronbesecker,
610cktb,
joeycaruso3,
joeycaruso3,
niagarafalls,
csweetmarie420,
townofpelham,
joeycaruso3,
joeycaruso3,
the_gncc,
niafallsreview,
caaaaarri,
jiiannantuono,
motherslove30,
footcareontario,
patersonderek,
pitchandhit1,
610cktb,
heartniagara,
aaronbesecker,
610cktb,
niagaragazette,
610cktb,
stephan43940477,
canadianvladto,
town_of_notl,
bsarchiesr,
the_gncc,
thethoroldnews,
lphs_guidance,
niafallsreview,
magtourniagara,
seanvanderklis,
seanvanderklis,
footcareontario,
rwebb_1968,
iangibson11,
investinstc,
town_of_notl,
niagaraparks,
mypelham,
nrpublichealth,
veaner85,
lesleycalvin,
niafallsfire,
610cktb,
oilers_eddie74,
footcareontario,
mywelland,
mypelham,
mynotl,
610cktb,
niagarauniv,
bsarchiesr,
insidenc1,
jeff_bennett,
niafallsreview,
briansmithpld,
niafallsreview,
rancheroo2,
rancheroo2,
rancheroo2,
projectshare_nf,
lynnholliday8,
lynnholliday8,
meow173,
rancheroo2,
lynnholliday8,
halvingreport,
610cktb,
jacmupjim,
matternbernhard,
hopestreamradio,
gmarcheterre,
wanita1,
bonniedawestie,
canadianvladto,
rjclassy,
rjclassy,
rjclassy,
niagarajim,
niagarajim,
untilthenexttee,
johnbordynuik,
xhelanne07,
lynnholliday8,
drab6,
callmetds,
bbanger1983,
pjtravis1,
baconandsteak,
akaviolet1,
shortsweetlight,
niagaraparents,
darndifino,
niafallsreview,
niafallsreview,
niafallsreview,
niagaragazette,
niafallsreview,
niafallsreview,
niafallsreview,
grandmah05,
niafallsreview,
niafallsreview,
niafallsreview,
cartooninperson,
niafallsreview,
eriemedia,
fmcmurran,
irishkat28,
snowflake07,
adamyoung329,
jonesa9817,
jacquelineny69,
leatoo,
niagaragazette,
ronplanche,
rickandtammy1,
barmiesniagara,
nrpublichealth,
maoistrebelnews,
gon_15,
rjclassy,
viewunpopular,
cmspeaksout1,
drmeaning,
cmspeaksout1,
infinitely_more,
610cktb,
sixxgunner71,
viewunpopular,
justjimcanada,
thethoroldnews,
610cktb,
atticus61469729,
jack_taylor3,
fatherratgmail,
niagarauniv,
jal4_sr,
thethoroldnews,
nrpublichealth,
da2221,
wellandlibrary,
town_of_notl,
revmarple,
theviolingrp,
toughtalkmma,
viewunpopular,
niagaraumission,
tylerinniagara,
canadianvladto,
hopestreamradio,
hopemcgowan116,
sgtdevinenrp,
610cktb,
golfeeda,
mdeinhart,
snoopross11,
snoopross11,
grandmah05,
terryb600,
nicfader,
seanvanderklis,
candytimleck,
meow173,
ssabourinnrp,
jessiec12008958,
briansmithpld,
eriemedia,
l__ip,
btlwinery,
eriemedia,
chrisspeech,
mgws33,
thomas3linda,
charlepeck,
stuart_ing,
ourdogprince,
downgoescrown,
yourtvniagara,
ghostinthenet,
inhuisinc,
maxthecoyote,
brycebuddt,
robburke1,
judyyankees1,
karaterocks,
chris__ventura,
fmcmurran,
inceptioncycle,
giabruno213,
yourtvniagara,
matternbernhard,
darndifino,
mypewterstrat,
karaterocks,
610cktb,
nicoleatone,
petert36152843,
petert36152843,
kathrn_childs,
finemusicman,
nrpublichealth,
dunktw,
katebezanson1,
arush92_,
sebastianpj10,
610cktb,
lynnholliday8,
cowboys19691,
snowflake07,
velocare,
davejefferynf,
glenn78279635,
metalheadshawn,
610cktb,
mywelland,
mypelham,
rancheroo2,
kyleohowe,
stevegmedia,
downtownbench,
mywelland,
lynnholliday8,
clarkebitter,
bishop_evan,
tylerinniagara,
bsarchiesr,
canadianvladto,
candytimleck,
karaterocks,
thefallentrail,
sonyun,
johnbordynuik,
thefallentrail,
johnbordynuik,
nadeaubmadnad73,
lindaliu2019,
jacquelineny69,
cindeehojo,
judyyankees1,
corneliusecon,
csouter813,
cniven2002,
adambenti,
justinismayor,
justinsimard32,
hyderade,
thethoroldnews,
briansmithpld,
littletonstc,
cburton001,
irishkat28,
l__ip,
aaronbesecker,
dwightstead,
tomkubow,
tomkubow,
aaronbesecker,
momofmunchkins,
senrooskie,
darrenplatakis,
infinitely_more,
cburton001,
cathfamilynews,
darndifino,
tsaniagara,
team_clickback,
katebezanson1,
thethoroldnews,
mcleod_assoc,
aaronbesecker,
darndifino,
jimdiodati,
the_gncc,
dentalhygieneq1,
bohojimmy,
rancheroo2,
drmeaning,
niafallsreview,
diiannip,
mikenaraine,
niagarauniv,
bmc37,
killerdg93,
mypelham,
thethoroldnews,
thethoroldnews,
landlordwebsol,
sweetert,
ourdogprince,
ymcaniagara,
drmeaning,
drmeaning,
sjbedard,
niagaragazette,
scottme38031746,
niagaramba,
aaronbesecker,
bohsco,
mypelham,
charlepeck,
townofpelham,
jnjdubya,
investinstc,
footcareontario,
gerrytimbers,
dangiancolabto,
niafallsreview,
wipeoutpoverty,
darndifino,
anonymousrecord,
610cktb,
darndifino,
npeihydro,
icc_compliance,
niafallsreview,
aaronbesecker,
darndifino,
facsniagara,
facsniagara,
darndifino,
niagarafalls,
norsemelanie,
darndifino,
geoff_park,
thethoroldnews,
melindacheevers,
inhuisinc,
bsarchiesr,
610cktb,
dsbn,
thethoroldnews,
wayne_gates,
succeedsooner,
thomas3linda,
ymcaniagara,
bvphotog,
bvphotog,
thethoroldnews,
meow173,
veaner85,
niafallsreview,
niafallsreview,
niafallsreview,
niafallsreview,
niafallsreview,
dentalhygieneq1,
lynnholliday8,
lewportcsd,
tierney_maria,
thefallentrail,
610cktb,
lynnholliday8,
philhayes74,
rbcntavernese,
lynnholliday8,
610cktb,
610cktb,
cieras_page,
cocoaandcatpuns,
canadianvladto,
canadianvladto,
ldkaremyinitial,
dub_dollas,
cmspeaksout1,
judyyankees1,
eriemedia,
about20donuts,
eriemedia,
scottco51860857,
teammyles1,
dangiancolabto,
jacobgroll,
scottco51860857,
scottco51860857,
neilmaha,
scottco51860857,
karimvelji,
karimvelji,
karimvelji,
karimvelji,
dalriad601,
thethoroldnews,
karena_standard,
karimvelji,
karimvelji,
tonytalkssports,
michaelilnicki,
viewunpopular,
twscott,
twscott,
aaronbesecker,
greyforesthomes,
niafallsreview,
niafallsreview,
niafallsreview,
l__ip,
puckshots,
sportyncharge,
downgoescrown,
communitycwn,
yukaebihara_ca,
practicalseth,
chickiehaute,
ravira,
tomrhogue,
dansmonarbre,
niagarakia,
artiststudio10,
gagelids,
meaghanracine,
meow173,
etuoadgjlxvn,
kati3mccann,
kellyredgar,
cmspeaksout1,
cmspeaksout1,
thirteencardz,
meow173,
regalflorist,
devilskid060686,
jenniestevens_,
leafsgurrl,
meow173,
meow173,
morriswgreentv,
pamelamiller417,
carolynhalinda,
martninblack63,
kwakugh16,
kwakugh16,
dangiancolabto,
cmspeaksout1,
borsodi,
meaghanracine,
canlungdoc,
meaghanracine,
dangiancolabto,
cmspeaksout1,
jakehart66,
niagara_411,
meaghanracine,
andy_utoronto,
littlechiefdog,
mazdazand,
_askelliott_,
meaghanracine,
afeidt220,
whatwilllynnsay,
downgoescrown,
greenmclovin,
nald_mac,
mustafahirji,
starkdave1,
mustafahirji,
tralncfn,
angeletombee,
regalflorist,
angeletombee,
cmspeaksout1,
tylerinniagara,
tralncfn,
gregorytrane46,
meaghanracine,
kellie_dixon,
afeidt220,
tylerinniagara,
jill_lr,
kwakugh16,
thirteencardz,
rockynrobynne,
thirteencardz,
meow173,
greenmclovin,
sm_teach_coach,
yasyszcjosh,
meow173,
rockyhorror1978,
jill_lr,
aamanswell,
artiststudio10,
cmspeaksout1,
meaghanracine,
greenmclovin,
ima3000ca,
meow173,
downgoescrown,
jill_lr,
matthotel,
stcathnissan,
randyman47,
penfinancial,
curryyinahurryy,
cmspeaksout1,
joechille,
tylerinniagara,
etuoadgjlxvn,
tonygbrunet1,
greenmclovin,
meaghanracine,
whatdoesntkillu,
dollybrad,
goomsju4_dc4l,
meow173,
bradprincipal,
mlb94,
canlungdoc,
randyman47,
tylerinniagara,
quisilaflare,
sailormorgue,
successwith1n,
meaghanracine,
babak_core,
oombaloomba,
ravenscord1,
goomsju4_dc4l,
desibyday909,
3llie_lou,
infamousscottyt,
meow173,
pascott199,
anonymousrecord,
canlungdoc,
meaghanracine,
meow173,
sethpicc,
dwightstead,
thirteencardz,
thirteencardz,
thirteencardz,
grovesgmch,
allenmenefield,
meow173,
hlafweard,
bellalaverde,
gregorytrane46,
centrejigsaw,
pugalugpug,
cmspeaksout1,
greenmclovin,
rolbear1975,
bradprincipal,
meow173,
bradprincipal,
meow173,
meow173,
kimevinsky,
tylerinniagara,
beckadykstra,
beckadykstra,
habitatniagara,
niagarafishing,
caaaaarri,
meow173,
yasyszcjosh,
aleexl,
quitworkearly,
niagara_411,
carolynhalinda,
cmspeaksout1,
meow173,
carpaccioitalia,
juliestireauto,
natassi22117024,
meow173,
pdyster,
airpainters,
siliastapleton,
eatingniagara,
stcathnissan,
siliastapleton,
stfphoenix,
adamc3p0,
lev8lowlevel,
sylviabolle,
kellyredgar,
coryhaze,
angeletombee,
ccrobinson95,
strangezworldd,
xhelanne07,
johnvanzalen10,
daniels1htb,
captainb_money,
greenmclovin,
meow173,
thebteamniagara,
jmhcet,
sylviabolle,
sylviabolle,
greenmclovin,
cmspeaksout1,
canlungdoc,
yasyszcjosh,
missindep115,
niagara_411,
angeletombee,
angeletombee,
angeletombee,
hendrybev,
angeletombee,
cmspeaksout1,
niagaraadv,
thediggyshow,
kellykekich,
isbieh,
exham_priory,
whatwilllynnsay,
gagelids,
mikemcandrew1,
mikemcandrew1,
cascadescents,
yasyszcjosh,
meow173,
aurorasisu,
aurorasisu,
shaebracken,
oliviaallen2762,
joeypriv4,
canforaachille,
tourismstc,
investinstc,
anonymousflaw,
2gunshooter,
reallucababy,
bill_standard,
sabbatinisean,
papidreamz,
notlelectron,
greenmclovin,
jason_clements,
stiflerjohnson,
mikelhudlin,
meow173,
meow173,
jill_lr,
juliestireauto,
greenmclovin,
meow173,
meow173,
reannenicola,
2gunshooter,
matthotel,
_missmeyoung,
willowbank_,
gagelids,
theegarywallace,
niagaragolfac,
greenmclovin,
yasyszcjosh,
cmspeaksout1,
faabs89,
sabrinaperrin0,
greenmclovin,
dvowoods,
jesse_5400,
tourismstc,
investinstc,
quitworkearly,
shallyv_lloyd,
giirlboo,
sabrinaperrin0,
josephi92653614,
sylviabolle,
rolbear1975,
trashbarwelland,
aquaniagara,
allenmenefield,
ruthecourt,
madiiihunter,
starkdave1,
yasyszcjosh,
sharonne_young,
veefree,
thirteencardz,
littlechiefdog,
ghostinthenet,
swinsondawn,
sarahmcvanel,
markhenick,
abritoverseas,
desibyday909,
aleexl,
josephjtavani,
yasyszcjosh,
andreafeller2,
randyman47,
kris_lowes,
pelhampretty,
rhianonb3,
masontv,
adrianooo19,
bcampagiorni,
stcathnissan,
ouisey620,
kellie_dixon,
terrys1999,
marty_mako,
yvonnenasri,
andreafeller2,
motherslove30,
denesorlando,
alexanderpmills,
yasyszcjosh,
ferlatte97,
lev8lowlevel,
daniels1htb,
hendrybev,
_jessicafraser,
abritoverseas,
_missmeyoung,
desibyday909,
adrianooo19,
dwightstead,
chazzus,
brycebrunarski,
bcampagiorni,
reallucababy,
adrianooo19,
mikemcandrew1,
mypantsronfire,
ferlatte97,
marie_f23,
delrollo,
wavyg3,
abritoverseas,
bravo_niagara,
_jessicafraser,
regalflorist,
bcampagiorni,
imagesbybruno,
angeletombee,
dangiancolabto,
yasyszcjosh,
kwakugh16,
theegarywallace,
ryanharpercfa,
flawlessyodie,
gillian2point0,
greenmclovin,
moniquecharette,
thepaintcan1,
caaaaarri,
cortday1,
biggiantheath,
norahrose_x,
patrick_archer,
strangezworldd,
gagelids,
mikemcandrew1,
nald_mac,
lifeofhayds,
winemakersboots,
labratjoe,
hollace2,
rockynrobynne,
kithiom,
sniperjimmyy,
pdyster,
captdocrcn,
britneyxbaker,
brocktv,
hanseich,
quinndrl2002,
yasyszcjosh,
rushtonrj,
lifewithsarahh,
deadlyconvos,
greenmclovin,
terrys1999,
adrianooo19,
theegarywallace,
olympichockey13,
chazzus,
claudiahuertabr,
haydenlabelle,
olympichockey13,
bebez__,
2gunshooter,
jill_lr,
niagaratrailers,
ghostinthenet,
haydenlabelle,
randywardrope,
timi_tv_,
cojack88,
shaebracken,
notlelectron,
skinnyblackjack,
dangiancolabto,
fliptownson,
desibyday909,
adrianooo19,
dadabeardface,
oasthousebeer,
gillian2point0,
mikemcandrew1,
jeffburch_,
wordsofthislife,
sonictattoo,
sethpicc,
stewartnoc,
congcongst,
aquaniagara,
sethpicc,
jonesyniagara,
jesseotta,
benchvigneron,
cloe_girl1,
adrianooo19,
littletonstc,
ordinarygrape,
adrianooo19,
1lisabrown5,
doobeedi,
martinagindap,
littletonstc,
maverickmm91,
surrahmartine,
borsodi,
paolo_sottile,
regalflorist,
adrianooo19,
ronplanche,
chris__ventura,
flawlessyodie,
big_pauly_d,
daniels1htb,
dmihailov55,
seansimpsonrph,
yasyszcjosh,
flawlessyodie,
ms_etherington,
ms_etherington,
flawlessyodie,
ms_etherington,
faabs89,
denesorlando,
olympichockey13,
core_of_bre,
teena_ese,
greenmclovin,
niagaracollege,
niagaracollege,
downgoescrown,
pattyvant,
ms_etherington,
jaeydepanda,
wizard6903,
neal_ruparelia,
olympichockey13,
caaaaarri,
shawnpgreene,
cmancuso9797,
big_pauly_d,
barberwill_,
jaeydepanda,
xhelanne07,
jgallie22,
greenmclovin,
thebteamniagara,
thebteamniagara,
timi_tv_,
yasyszcjosh,
dmihailov55,
olympichockey13,
jackmackmom,
tyharrison92,
gillian2point0,
greenmclovin,
ronpoole,
jesseotta,
allenmenefield,
quisilaflare,
gillian2point0,
nald_mac,
covinda_19,
jesseotta,
felicianeame,
greenmclovin,
caaaaarri,
gillian2point0,
iamthenizz,
ima3000ca,
cmspeaksout1,
cmspeaksout1,
cmspeaksout1,
core_of_bre,
greenmclovin,
greenmclovin,
greenmclovin,
carinadollie,
cmspeaksout1,
theterriblehook,
ihsdepot,
greenmclovin,
greenmclovin,
greenmclovin,
caaaaarri,
harrietglynn,
cmspeaksout1,
letsgetunicorny,
greenmclovin,
tylerinniagara,
reannenicola,
reannenicola,
greenmclovin,
lindanye6615,
greenmclovin,
matteo72053183,
24akumas,
susiej4525,
joshdiestoday,
jaytennier,
greenmclovin,
caaaaarri,
josephi92653614,
moniebey_,
canlungdoc,
jerrythetidd,
firecogone,
marccormier,
cmspeaksout1,
cmspeaksout1,
cmspeaksout1,
cmspeaksout1,
cmspeaksout1,
steve_thom77,
tylerinniagara,
jim_deschamps,
jim_deschamps,
tiyonalovely,
tylerinniagara,
cmspeaksout1,
jim_deschamps,
jaytennier,
neal_ruparelia,
jill_lr,
caaaaarri,
caaaaarri,
cmspeaksout1,
cmspeaksout1,
martinasark6,
hyacint62696870,
quitworkearly,
drdwestonphd,
cnicci,
keirstenlynne,
tylerinniagara,
anonymousflaw,
anasanchezphd,
atickner1983,
desibyday909,
tylerinniagara,
tylerinniagara,
tylerinniagara,
littlechiefdog,
j_uanderful,
joycemorocco,
tylerinniagara,
tylerinniagara,
anasanchezphd,
thespaddy,
tylerinniagara,
gillian2point0,
grimm_jim_beer,
bsarchiesr,
tylerinniagara,
justin_flick,
tylerinniagara,
tylerinniagara,
martinasark6,
gabbymauro,
lindseyverb,
redvetttes,
marean388,
marccormier,
nicolemartintv,
victoria_kaine,
nald_mac,
_davanh,
timi_tv_,
robynmfrancis,
aeablue,
timi_tv_,
sessaware,
gillian2point0,
pdyster,
iamthenizz,
jmwensley,
brandoshere,
core_of_bre,
2gunshooter,
timi_tv_,
core_of_bre,
joshdiestoday,
caaaaarri,
macmednrc,
mayybe_babyy,
worldwidemitch,
chefsamglass,
worldwidemitch,
drawnbyrobt,
superdirtcar,
scarysheri13,
dpardee1028,
brandonlepine,
yasyszcjosh,
yasyszcjosh,
kellie_dixon,
0v3r_it,
niagarahealth,
therealmarccali,
kellie_dixon,
laurajeansings,
thehusayn,
kaitlin_kellyx,
jenessaeliza,
areckleh,
juliaholladay_,
0v3r_it,
gunner1812,
adamjmacneil,
maddymckinneyxo,
adamjmacneil,
injured420,
audrey_dunn,
cdngirlgeek,
yaya_and_co,
dangiancolabto,
arizonatan,
foodpages,
blibblobblib,
skyhook_242,
bbblooms,
bbblooms,
cobain_hardy,
a_simplegesture,
danglez66,
armanik26,
livpennerr,
choquette67,
choquette67,
trevorcdance,
alex_micoli,
sassysoos,
thisisbarn,
cdrip,
monicavaleriee,
_sarr29,
ridingsbrewery,
cdrip,
jac_gates,
roadzombie13,
dlukacz9,
baj_h,
malonextenille,
aidecana,
boekerr,
malonextenille,
niagiendrake,
niagiendrake,
ronni_rowles,
aalyssagrantb,
seanmcleann,
ladyyloverr,
ditayatranae,
jonathononair,
mirandaarmitage,
kaaycuulp,
kaaycuulp,
1hannahlloyd,
zeds_bread,
__smreynolds,
0v3r_it,
miss_dajah,
__smreynolds,
__smreynolds,
__smreynolds,
curisa91,
invvhale,
malonextenille,
mikekusowski,
jenny_jayy,
emilystup_,
rebecccaamarie,
iampressuree,
kittxn_clifford,
lharrisonn,
zachfinney,
breanna_maeee,
laur0816,
_cvb_3,
baj_h,
kingpose8,
tomdelawnchair,
rachel_durham,
asummerchill,
xcoldheartedone,
jessicaross549,
toofresh2stress,
leahdomzz,
landradelruss,
quisilaflare,
bjosephbell,
___sjmb,
quisilaflare,
braydenraymond,
basedqueen,
basedqueen,
malonextenille,
ki2kute00,
malonextenille,
malonextenille,
allison_rants,
zaydouf,
kingpose8,
janeegirl71,
sio_care,
chasealeksey,
queenvlm,
watson_brent,
andreaakajfaszz,
leahdomzz,
hiadrianna,
kingsal__,
tomdelawnchair,
regretagarbo,
giirlboo,
livvyh5,
regretagarbo,
foodpages,
ekorpolinski,
diamxo_,
benjefperry,
pvargs21,
jess_mcnally,
hairbrill,
breanna_maeee,
hagerty125,
daffodileleven,
flashover_e4,
hagerty125,
xcatherinex_,
denakakaletris,
connorbracken,
se4nier,
jillpager,
jillpager,
jillpager,
jillpager,
jillpager,
jillpager,
jillpager,
jillpager,
elizabethhmaryy,
dub_dollas,
logantreehouse,
ronni_rowles,
earltheduke,
amandaxhurst,
jessdeeth,
manpreeett,
ladyyloverr,
sydneysmyers,
nappylocs_,
hagerty125,
its_aleah_duhh,
donnafromtheroc,
terry_landry,
fazzz27,
apess,
mirandaarmitage,
chasealeksey,
artificalness,
forchman,
sharrbarr69,
jillpager,
uadoremars,
_rafaela_masson,
ditayatranae,
ronni_rowles,
vchamilton,
fear_before,
_taybraham,
kerryannmurphy_,
thatsportsguy91,
mikeduyn,
brittanyxox_,
rcush88,
cbaileyy,
jordynndracup,
jennyhare9,
samnelles_,
madilovestay,
touchmyclem,
its_aleah_duhh,
michelle_biskup,
ethanleppsucks,
cbaileyy,
kotaababy0524,
cbaileyy,
littlegasca,
artificalness,
hagerty125,
artificalness,
newsgirl995,
nickmazz10,
postaleto97,
giirlboo,
ditayatranae,
marshmllwbunny,
attitudeshere,
mirandaarmitage,
bliddiar,
thirstykirstie_,
ki2kute00,
giirlboo,
giirlboo,
0v3r_it,
0v3r_it,
0v3r_it,
monicavaleriee,
kelseyypenner,
ernststeve,
jaredmakile,
bham95,
ervolinatammy,
madilovestay,
madilovestay,
breanna_maeee,
touchmyclem,
malonextenille,
joemilyallen,
fear_before,
samarielanay,
krismena21,
mikeeswainn,
james_mackey,
geegfalsetti,
dtwea,
amillz_18,
ronni_rowles,
nonoanoah,
besh_alotb,
magers1076,
minabrckovic,
cbaileyy,
carson_doan,
leafsgurrl,
samarielanay,
jeff_neill,
lexgasm,
lyshrigs,
_sarashaw,
joyce_olong,
monicavaleriee,
monicavaleriee,
falloevine,
rachellll_cheff,
robynmfrancis,
dreamo84,
sarahead1,
mary_daly5,
apess,
gweavr09,
touchmyclem,
touchmyclem,
jyarkony,
bhullettnu,
tia_blake,
sarahspizzie,
fear_before,
mckillysauce,
taradee02,
justinslang04,
thatspicegirl,
gagelids,
lexgasm,
lexgasm,
tia_blake,
jadealexsondra,
isaliena,
rachellll_cheff,
rachellll_cheff,
msdianaw,
ohwillowwaly,
alexwright93,
mifffff,
edwardbarry,
jewwwel_,
jamieskrillex,
bridewitt,
badizle14,
hiadrianna,
marshmllwbunny,
pigeonvirus,
samnelles_,
badizle14,
gingerymel,
badizle14,
twreckl3sss,
shraaam,
michmazz50,
scooter_hutch,
taychurakos,
thatspicegirl,
alana_ferguson,
viktorxii,
johngarnace,
babedrienne,
fredh20s,
msdianaw,
perngdog,
niagarasdd,
carson_doan,
vfbelansky,
fear_before,
keeganholloway,
hxnnahautvmn,
t_drylewski,
katiecuvie14,
corysmith1980,
silentlnsanity,
_abbsj,
shraaam,
keeganholloway,
prattsiiii,
nathandosa,
hxnnahautvmn,
hxnnahautvmn,
keeganholloway,
hxnnahautvmn,
hxnnahautvmn,
aqualaszun,
maraschiello,
gabrielleasiah,
__smreynolds,
__smreynolds,
nicholeanda,
ryanalascelle,
nicholeanda,
jakekorp,
hermenthegerman,
shotzrox,
nickyllos,
mirandaarmitage,
jessrowanxo,
vickyiferi,
xiomi_xo,
thetravelinbum,
stephenb_22,
thisisbarn,
joshdimino,
carson_doan,
rachgray92,
_winemeup,
kaitlin_kellyx,
book_obsession,
ashclaarke,
everythingcuse,
everythingcuse,
mikeiggy267,
ashleykateryna,
matt_faso,
miisz_now_now,
keirstenlynne,
miisz_now_now,
ldun_,
rad_redbone,
schuelec,
brittneyturnbul,
hxnnahautvmn,
therealpacecar,
melmac63,
its_zachariah,
destinorocks,
destinorocks,
princesslesha,
brian__rankin,
danielachk,
kallelehtola21,
joeyi58,
moniquexwright,
sio_care,
keirstenlynne,
ashlynstanley_,
jaygrandy_,
pink_tiff,
hxnnahautvmn,
rad_redbone,
pulloutgawd_,
katielynnmiller,
morganxavier_,
kimmmerly_,
nizzy612,
nicholeanda,
nicholeanda,
kuda1966,
cnailz,
keeganholloway,
nicholeanda,
kevinpyper,
nicholeanda,
stephensherriff,
kdot89_,
jillyfaulk,
emilybenner03,
_seanmac_,
ashleydmcmillan,
vickyiferi,
vonnoo_mariee,
tomdelawnchair,
kash_drake,
stingy_virgo,
stingy_virgo,
stingy_virgo,
jeff_capt_ttjs,
joe_krusher,
vonnoo_mariee,
xosabrina_world,
leannnaholly,
zombaebby,
jschintzius,
glenskii5,
stingy_virgo,
buffalogator13,
lilmags64,
nald_mac,
mamaabear_4,
f_joyce89,
oneluckychic,
f_joyce89,
f_joyce89,
mirandapeunic,
nald_mac,
matt_faso,
mssiren_,
destinyglenn1,
jon_anderson36,
nic_arterberry,
hhniagara,
keirstenlynne,
hannapockz88,
laurareillay,
laurareillay,
sarahcatrice,
sarahcatrice,
lindatk,
hannapockz88,
soresage,
tattooaddict_,
teamlateef,
edwardbarry,
davidbreukelman,
hannapockz88,
jessicavallance,
cbaileyy,
thekidshae,
juanoherr,
adamchan1987,
thekidshae,
cbaileyy,
cbaileyy,
thekidshae,
cbaileyy,
cbaileyy,
cbaileyy,
cbaileyy,
thekidshae,
hannapockz88,
hannapockz88,
edwardbarry,
fopacic,
brettfox46,
meldance00,
greenuity,
nealettiswaq,
nealettiswaq,
tommysvr,
roskho,
xoxo_tridge,
tomdelawnchair,
tomdelawnchair,
itsme_a_mario,
14092,
14092,
riget,
dwrathmann,
alexisscriven,
alexisscriven,
